C01,Green Bath Clean,???
C02,Carpet PreSpray,???
C03,Re-Juv-Nal,???
C04,Suprox D,???
C05,SuperShine-All,???
C06,Top-Clean,???
C07,Assurance,???
C08,Windo-Clean,???
C09,Green Earth 6CT,7812900
C10,Alcohol Hand Sanitizer 6CT,7552900
C11,Light Acid Bowl Cleaner ,#103
C12,CRT & Plexiglas Cleaner ,#53727016846
C13,Spartan Creme Cleanser ,#53727017485
C14,Hillyard Creme Clean ,#106
C15,Chalkboard Cleaner,???
C16,Spartan Dust Mop Treatment,???
C17,Hill. Stainless Steel Cleaner/Polish ,#HIL011345554
C18,3M Stainless Steel Cleaner/Polish,???
C19,Spar. Oven/Grill Cleaner ,#5372701767
C20,Shower Foam Cleaner 1 Gal. ,HIL0017406
C21,Hill. Citrus-Scrub ,#HIL0100504
C22,Super Hil-Aire F&C ,#HIL0105554
C23,Gum-Go (Freeze),#HIL0103055
C24,Liquid Gum-Go ,#HIL0091204
C25,Spartan Carpet Stain Remover,???
C26,Carpet Spotter (Small) ,#HIL0091004
C27,Carpet Contempo Coffee/Tea Solution,???
C28,Chalk and Whiteboard Clean. ,HIL0109355
C29,Shower Cleaning Kit ,#HIL99225
C30,Purell Sanitizing Wipes,???
C31,Hill. Quick & Clean Sanitizing Wipes,???
C32,Repel Seal RTU Gal. ,HIL0049706
C33,Take Down F&C Gal. ,HIL0046806
C34,B21 Gum-Go 6.5oz Aerosol 1 Bottle ,HIL0103055
C35,Defoamer II 1 Gal. ,HIL0018306
C36,Laundry Detergent 1 Gal. ,HIL0045906
C37,Creme Clean RTU 12Qt/Case ,HIL0010604
C38,3M Steel Cleaner 21oz. Aerosol ,48011591582
C39,Mariner Acid Restroom 1 Gal. ,HIL0047706
C40,Liquid Enzyme II 1 Gal.,HIL0047006
C41,Sorb-It (Granular Absorbent),#760
C42,Tile and Grout Renovator 1 Gal. ,HIL0047506
E01,Light Duty Dust Masks,???
E02,Safety Goggles,???
E03,Respirator Medium ,#6200/07025
E04,Flat Fold Face Shield ,#6648
E05,Shoe Covers (Blue),???
E06,Vinyl Small 100/Box,IVPF
E07,Vinyl Medium 100/Box ,IVPF
E08,Vinyl Large 100/Box ,CMUIVPF
E09,Vinyl XL 100/Box ,CMUIVPF
E10,Nitrile Blue Small 100/Box ,XNPF
E11,Nitrile Blue Medium 100/Box ,XNPF
E12,Nitrile Blue Large 100/Box ,XNPF
E13,Nitrile Blue XL 100/Box ,XNPF
E14,Toilet Brush (Bristle),???
E15,Johnny Mop (Fluffy),???
E16,Blank Spray Bottles,???
E17,Windsor Versamatic,???
E18,Windsor Sensor/Versamatic-Plus,???
E19,Clarke Carpet-Master,???
E20,RubberMaid BP6Q,???
E21,"Proteam BP ""triangle"" bags",???
E22,"Proteam MegaVac, Coach, Super-Coach",???
E23,Wave/NuWave,???
E24,Sponge (Yellow/White-Scrub),???
E25,Sponge (Yellow/Green-Scrub),???
E26,Sponge (Scotch Brite),???
E27,White Scrub-Pad,???
E28,Green Scrub-Pad,???
E29,Magic Eraser - Blue Stripe,HIL30312
E30,SOS Pad,???
E31,SOS Pad (Pink Soap),???
E32,Dust-Pan Rub.Maid Upright ,RUB2531BK
E33,Broom Yellow Angler Plastic-Bristle ,UNS932A
E34,Swiffer Duster-Kit Handle/Cloth ,PGC82074
E35,Swiffer Refill,PGC16944CT
E36,Scensible Clear Liners 1000CT ,LBCD
E37,38x57 Black 60gal. 100/Case,LRV3860150K
E38,43x48 Natural 56gal. 200/Case ,LH434816N
E39,30x37 Natural 30gal. 500/Case ,LH303713N
E40,TCell Citrus Refill 6CT. ,1.08E+12
E41,TCell Pure Refill 6CT. ,7.64E+11
E42,TCell Dispenser ,#1799881
P01,Paper Towel 6CT ,7171020
P02,Toilet Paper 36CT ,161990
P03,Hospeco Wax Paper Small 500CT ,HOS260
P04,RubMaid Wax Paper 250CT,RUB6141
P05,Small Nature Roll Tow. Library 12CT,74540
L01,Micro-Fiber Blue/Glass,???
L02,Micro-Fiber Red,???
L03,Micro-Fiber Yellow,???
L04,Micro-Fiber Green,???
L05,Mop Head X-Large (String),???
L06,Mop Head Large (String),???
L07,"Dust Mop Head 24"" Blue (String)",???
L08,"Dust Mop Head 18"" Red (String)",???
L09,RubberMaid Mop Head (Green),???
L10,Unger Mop Head (Red/White),???
L11,Green 48 in,#Q448
L12,Green 24 in,#Q424
L13,Blue 22 in,#Q411
L14,Blue 18 in,#Q410
L15,Blue 11 in,#Q820
L16,White 18 in ,#Q412
